{"initial_reset_timestamp": 1569533723.66939, "timestamps": [1569533739.237112], "episode_lengths": [443], "episode_rewards": [91.4487354120196], "episode_types": ["t"]}